sample_id,has_mrna,has_mirna,has_methy,has_cnv,has_label,modality_count,cancer_type
TCGA.3C.AAAU.01,True,True,True,True,True,4,GS-BRCA
TCGA.3C.AALI.01,True,True,True,True,True,4,GS-BRCA
TCGA.3C.AALJ.01,True,True,True,True,True,4,GS-BRCA
TCGA.3C.AALK.01,True,True,True,True,True,4,GS-BRCA
TCGA.5L.AAT0.01,True,True,True,True,True,4,GS-BRCA
TCGA.5T.A9QA.01,True,True,True,True,True,4,GS-BRCA
TCGA.A1.A0SB.01,True,True,True,True,True,4,GS-BRCA
TCGA.A1.A0SE.01,True,True,True,True,True,4,GS-BRCA
TCGA.A1.A0SF.01,True,True,True,True,True,4,GS-BRCA
TCGA.A1.A0SG.01,True,True,True,True,True,4,GS-BRCA
TCGA.A1.A0SH.01,True,True,True,True,True,4,GS-BRCA
TCGA.A1.A0SI.01,True,True,True,True,True,4,GS-BRCA
TCGA.A1.A0SJ.01,True,True,True,True,True,4,GS-BRCA
TCGA.A1.A0SK.01,True,True,True,True,True,4,GS-BRCA
TCGA.A1.A0SO.01,True,True,True,True,True,4,GS-BRCA
TCGA.A1.A0SP.01,True,True,True,True,True,4,GS-BRCA
TCGA.A1.A0SQ.01,True,True,True,True,True,4,GS-BRCA
TCGA.A2.A04R.01,True,True,True,True,True,4,GS-BRCA
TCGA.A2.A0CK.01,True,True,True,True,True,4,GS-BRCA
TCGA.A2.A0CR.01,True,True,True,True,True,4,GS-BRCA
TCGA.A2.A0CT.01,True,True,True,True,True,4,GS-BRCA
TCGA.A2.A0EN.01,True,True,True,True,True,4,GS-BRCA
TCGA.A2.A0EP.01,True,True,True,True,True,4,GS-BRCA
TCGA.A2.A0EU.01,True,True,True,True,True,4,GS-BRCA
TCGA.A2.A0ST.01,True,True,True,True,True,4,GS-BRCA
TCGA.A2.A0SU.01,True,True,True,True,True,4,GS-BRCA
TCGA.A2.A0SV.01,True,True,True,True,True,4,GS-BRCA
TCGA.A2.A0SW.01,True,True,True,True,True,4,GS-BRCA
TCGA.A2.A0SX.01,True,True,True,True,True,4,GS-BRCA
TCGA.A2.A0SY.01,True,True,True,True,True,4,GS-BRCA
TCGA.A2.A0T0.01,True,True,True,True,True,4,GS-BRCA
TCGA.A2.A0T1.01,True,True,True,True,True,4,GS-BRCA
TCGA.A2.A0T2.01,True,True,True,True,True,4,GS-BRCA
TCGA.A2.A0T4.01,True,True,True,True,True,4,GS-BRCA
TCGA.A2.A0T5.01,True,True,True,True,True,4,GS-BRCA
TCGA.A2.A0T6.01,True,True,True,True,True,4,GS-BRCA
TCGA.A2.A0T7.01,True,True,True,True,True,4,GS-BRCA
TCGA.A2.A0YC.01,True,True,True,True,True,4,GS-BRCA
TCGA.A2.A0YD.01,True,True,True,True,True,4,GS-BRCA
TCGA.A2.A0YF.01,True,True,True,True,True,4,GS-BRCA
TCGA.A2.A0YG.01,True,True,True,True,True,4,GS-BRCA
TCGA.A2.A0YH.01,True,True,True,True,True,4,GS-BRCA
TCGA.A2.A0YI.01,True,True,True,True,True,4,GS-BRCA
TCGA.A2.A0YK.01,True,True,True,True,True,4,GS-BRCA
TCGA.A2.A0YL.01,True,True,True,True,True,4,GS-BRCA
TCGA.A2.A0YM.01,True,True,True,True,True,4,GS-BRCA
TCGA.A2.A0YT.01,True,True,True,True,True,4,GS-BRCA
TCGA.A2.A1FV.01,True,True,True,True,True,4,GS-BRCA
TCGA.A2.A1FW.01,True,True,True,True,True,4,GS-BRCA
TCGA.A2.A1FX.01,True,True,True,True,True,4,GS-BRCA
TCGA.A2.A1FZ.01,True,True,True,True,True,4,GS-BRCA
TCGA.A2.A1G0.01,True,True,True,True,True,4,GS-BRCA
TCGA.A2.A1G1.01,True,True,True,True,True,4,GS-BRCA
TCGA.A2.A1G4.01,True,True,True,True,True,4,GS-BRCA
TCGA.A2.A1G6.01,True,True,True,True,True,4,GS-BRCA
TCGA.A2.A259.01,True,True,True,True,True,4,GS-BRCA
TCGA.A2.A25A.01,True,True,True,True,True,4,GS-BRCA
TCGA.A2.A25B.01,True,True,True,True,True,4,GS-BRCA
TCGA.A2.A25C.01,True,True,True,True,True,4,GS-BRCA
TCGA.A2.A25D.01,True,True,True,True,True,4,GS-BRCA
TCGA.A2.A25E.01,True,True,True,True,True,4,GS-BRCA
TCGA.A2.A25F.01,True,True,True,True,True,4,GS-BRCA
TCGA.A2.A3KD.01,True,True,True,True,True,4,GS-BRCA
TCGA.A2.A3XU.01,True,True,True,True,True,4,GS-BRCA
TCGA.A2.A3XV.01,True,True,True,True,True,4,GS-BRCA
TCGA.A2.A3XW.01,True,True,True,True,True,4,GS-BRCA
TCGA.A2.A3XX.01,True,True,True,True,True,4,GS-BRCA
TCGA.A2.A3XZ.01,True,True,True,True,True,4,GS-BRCA
TCGA.A2.A3Y0.01,True,True,True,True,True,4,GS-BRCA
TCGA.A2.A4S1.01,True,True,True,True,True,4,GS-BRCA
TCGA.A2.A4S2.01,True,True,True,True,True,4,GS-BRCA
TCGA.A2.A4S3.01,True,True,True,True,True,4,GS-BRCA
TCGA.A7.A0D9.01,True,True,True,True,True,4,GS-BRCA
TCGA.A7.A13D.01,True,True,True,True,True,4,GS-BRCA
TCGA.A7.A13E.01,True,True,True,True,True,4,GS-BRCA
TCGA.A7.A13F.01,True,True,True,True,True,4,GS-BRCA
TCGA.A7.A13G.01,True,True,True,True,True,4,GS-BRCA
TCGA.A7.A26E.01,True,True,True,True,True,4,GS-BRCA
TCGA.A7.A26F.01,True,True,True,True,True,4,GS-BRCA
TCGA.A7.A26G.01,True,True,True,True,True,4,GS-BRCA
TCGA.A7.A26H.01,True,True,True,True,True,4,GS-BRCA
TCGA.A7.A26I.01,True,True,True,True,True,4,GS-BRCA
TCGA.A7.A26J.01,True,True,True,True,True,4,GS-BRCA
TCGA.A7.A2KD.01,True,True,True,True,True,4,GS-BRCA
TCGA.A7.A3RF.01,True,True,True,True,True,4,GS-BRCA
TCGA.A7.A425.01,True,True,True,True,True,4,GS-BRCA
TCGA.A7.A4SD.01,True,True,True,True,True,4,GS-BRCA
TCGA.A7.A4SE.01,True,True,True,True,True,4,GS-BRCA
TCGA.A7.A56D.01,True,True,True,True,True,4,GS-BRCA
TCGA.A7.A5ZV.01,True,True,True,True,True,4,GS-BRCA
TCGA.A7.A5ZW.01,True,True,True,True,True,4,GS-BRCA
TCGA.A7.A5ZX.01,True,True,True,True,True,4,GS-BRCA
TCGA.A7.A6VV.01,True,True,True,True,True,4,GS-BRCA
TCGA.A7.A6VW.01,True,True,True,True,True,4,GS-BRCA
TCGA.A7.A6VX.01,True,True,True,True,True,4,GS-BRCA
TCGA.A7.A6VY.01,True,True,True,True,True,4,GS-BRCA
TCGA.A8.A075.01,True,True,True,True,True,4,GS-BRCA
TCGA.A8.A08O.01,True,True,True,True,True,4,GS-BRCA
TCGA.A8.A0A6.01,True,True,True,True,True,4,GS-BRCA
TCGA.A8.A0AD.01,True,True,True,True,True,4,GS-BRCA
TCGA.AC.A23C.01,True,True,True,True,True,4,GS-BRCA
TCGA.AC.A23E.01,True,True,True,True,True,4,GS-BRCA
TCGA.AC.A23H.01,True,True,True,True,True,4,GS-BRCA
TCGA.AC.A2B8.01,True,True,True,True,True,4,GS-BRCA
TCGA.AC.A2BK.01,True,True,True,True,True,4,GS-BRCA
TCGA.AC.A2BM.01,True,True,True,True,True,4,GS-BRCA
TCGA.AC.A2FB.01,True,True,True,True,True,4,GS-BRCA
TCGA.AC.A2FF.01,True,True,True,True,True,4,GS-BRCA
TCGA.AC.A2FG.01,True,True,True,True,True,4,GS-BRCA
TCGA.AC.A2FK.01,True,True,True,True,True,4,GS-BRCA
TCGA.AC.A2FO.01,True,True,True,True,True,4,GS-BRCA
TCGA.AC.A2QH.01,True,True,True,True,True,4,GS-BRCA
TCGA.AC.A3HN.01,True,True,True,True,True,4,GS-BRCA
TCGA.AC.A3OD.01,True,True,True,True,True,4,GS-BRCA
TCGA.AC.A3QP.01,True,True,True,True,True,4,GS-BRCA
TCGA.AC.A3QQ.01,True,True,True,True,True,4,GS-BRCA
TCGA.AC.A3W5.01,True,True,True,True,True,4,GS-BRCA
TCGA.AC.A3YI.01,True,True,True,True,True,4,GS-BRCA
TCGA.AC.A3YJ.01,True,True,True,True,True,4,GS-BRCA
TCGA.AC.A4ZE.01,True,True,True,True,True,4,GS-BRCA
TCGA.AC.A5EH.01,True,True,True,True,True,4,GS-BRCA
TCGA.AC.A5XS.01,True,True,True,True,True,4,GS-BRCA
TCGA.AC.A5XU.01,True,True,True,True,True,4,GS-BRCA
TCGA.AC.A62X.01,True,True,True,True,True,4,GS-BRCA
TCGA.AC.A62Y.01,True,True,True,True,True,4,GS-BRCA
TCGA.AC.A6IV.01,True,True,True,True,True,4,GS-BRCA
TCGA.AC.A6IW.01,True,True,True,True,True,4,GS-BRCA
TCGA.AC.A6IX.01,True,True,True,True,True,4,GS-BRCA
TCGA.AC.A6NO.01,True,True,True,True,True,4,GS-BRCA
TCGA.AC.A7VB.01,True,True,True,True,True,4,GS-BRCA
TCGA.AC.A7VC.01,True,True,True,True,True,4,GS-BRCA
TCGA.AC.A8OP.01,True,True,True,True,True,4,GS-BRCA
TCGA.AC.A8OQ.01,True,True,True,True,True,4,GS-BRCA
TCGA.AC.A8OR.01,True,True,True,True,True,4,GS-BRCA
TCGA.AC.A8OS.01,True,True,True,True,True,4,GS-BRCA
TCGA.AN.A0XL.01,True,True,True,True,True,4,GS-BRCA
TCGA.AN.A0XN.01,True,True,True,True,True,4,GS-BRCA
TCGA.AN.A0XO.01,True,True,True,True,True,4,GS-BRCA
TCGA.AN.A0XP.01,True,True,True,True,True,4,GS-BRCA
TCGA.AN.A0XR.01,True,True,True,True,True,4,GS-BRCA
TCGA.AN.A0XS.01,True,True,True,True,True,4,GS-BRCA
TCGA.AN.A0XU.01,True,True,True,True,True,4,GS-BRCA
TCGA.AN.A0XV.01,True,True,True,True,True,4,GS-BRCA
TCGA.AN.A0XW.01,True,True,True,True,True,4,GS-BRCA
TCGA.AO.A03L.01,True,True,True,True,True,4,GS-BRCA
TCGA.AO.A03M.01,True,True,True,True,True,4,GS-BRCA
TCGA.AO.A03N.01,True,True,True,True,True,4,GS-BRCA
TCGA.AO.A03U.01,True,True,True,True,True,4,GS-BRCA
TCGA.AO.A0JA.01,True,True,True,True,True,4,GS-BRCA
TCGA.AO.A0JB.01,True,True,True,True,True,4,GS-BRCA
TCGA.AO.A0JC.01,True,True,True,True,True,4,GS-BRCA
TCGA.AO.A0JD.01,True,True,True,True,True,4,GS-BRCA
TCGA.AO.A0JE.01,True,True,True,True,True,4,GS-BRCA
TCGA.AO.A0JF.01,True,True,True,True,True,4,GS-BRCA
TCGA.AO.A0JG.01,True,True,True,True,True,4,GS-BRCA
TCGA.AO.A0JI.01,True,True,True,True,True,4,GS-BRCA
TCGA.AO.A0JJ.01,True,True,True,True,True,4,GS-BRCA
TCGA.AO.A0JM.01,True,True,True,True,True,4,GS-BRCA
TCGA.AO.A124.01,True,True,True,True,True,4,GS-BRCA
TCGA.AO.A125.01,True,True,True,True,True,4,GS-BRCA
TCGA.AO.A126.01,True,True,True,True,True,4,GS-BRCA
TCGA.AO.A128.01,True,True,True,True,True,4,GS-BRCA
TCGA.AO.A129.01,True,True,True,True,True,4,GS-BRCA
TCGA.AO.A12B.01,True,True,True,True,True,4,GS-BRCA
TCGA.AO.A12E.01,True,True,True,True,True,4,GS-BRCA
TCGA.AO.A12G.01,True,True,True,True,True,4,GS-BRCA
TCGA.AO.A1KO.01,True,True,True,True,True,4,GS-BRCA
TCGA.AO.A1KP.01,True,True,True,True,True,4,GS-BRCA
TCGA.AO.A1KR.01,True,True,True,True,True,4,GS-BRCA
TCGA.AO.A1KS.01,True,True,True,True,True,4,GS-BRCA
TCGA.AO.A1KT.01,True,True,True,True,True,4,GS-BRCA
TCGA.AQ.A04H.01,True,True,True,True,True,4,GS-BRCA
TCGA.AQ.A0Y5.01,True,True,True,True,True,4,GS-BRCA
TCGA.AQ.A1H2.01,True,True,True,True,True,4,GS-BRCA
TCGA.AQ.A1H3.01,True,True,True,True,True,4,GS-BRCA
TCGA.AQ.A7U7.01,True,True,True,True,True,4,GS-BRCA
TCGA.AR.A0TP.01,True,True,True,True,True,4,GS-BRCA
TCGA.AR.A0TQ.01,True,True,True,True,True,4,GS-BRCA
TCGA.AR.A0TR.01,True,True,True,True,True,4,GS-BRCA
TCGA.AR.A0TT.01,True,True,True,True,True,4,GS-BRCA
TCGA.AR.A0TV.01,True,True,True,True,True,4,GS-BRCA
TCGA.AR.A0TX.01,True,True,True,True,True,4,GS-BRCA
TCGA.AR.A0TZ.01,True,True,True,True,True,4,GS-BRCA
TCGA.AR.A0U2.01,True,True,True,True,True,4,GS-BRCA
TCGA.AR.A0U3.01,True,True,True,True,True,4,GS-BRCA
TCGA.AR.A0U4.01,True,True,True,True,True,4,GS-BRCA
TCGA.AR.A1AI.01,True,True,True,True,True,4,GS-BRCA
TCGA.AR.A1AJ.01,True,True,True,True,True,4,GS-BRCA
TCGA.AR.A1AK.01,True,True,True,True,True,4,GS-BRCA
TCGA.AR.A1AL.01,True,True,True,True,True,4,GS-BRCA
TCGA.AR.A1AN.01,True,True,True,True,True,4,GS-BRCA
TCGA.AR.A1AO.01,True,True,True,True,True,4,GS-BRCA
TCGA.AR.A1AP.01,True,True,True,True,True,4,GS-BRCA
TCGA.AR.A1AQ.01,True,True,True,True,True,4,GS-BRCA
TCGA.AR.A1AR.01,True,True,True,True,True,4,GS-BRCA
TCGA.AR.A1AS.01,True,True,True,True,True,4,GS-BRCA
TCGA.AR.A1AU.01,True,True,True,True,True,4,GS-BRCA
TCGA.AR.A1AW.01,True,True,True,True,True,4,GS-BRCA
TCGA.AR.A1AX.01,True,True,True,True,True,4,GS-BRCA
TCGA.AR.A1AY.01,True,True,True,True,True,4,GS-BRCA
TCGA.AR.A24H.01,True,True,True,True,True,4,GS-BRCA
TCGA.AR.A24K.01,True,True,True,True,True,4,GS-BRCA
TCGA.AR.A24L.01,True,True,True,True,True,4,GS-BRCA
TCGA.AR.A24M.01,True,True,True,True,True,4,GS-BRCA
TCGA.AR.A24N.01,True,True,True,True,True,4,GS-BRCA
TCGA.AR.A24O.01,True,True,True,True,True,4,GS-BRCA
TCGA.AR.A24P.01,True,True,True,True,True,4,GS-BRCA
TCGA.AR.A24Q.01,True,True,True,True,True,4,GS-BRCA
TCGA.AR.A24R.01,True,True,True,True,True,4,GS-BRCA
TCGA.AR.A24S.01,True,True,True,True,True,4,GS-BRCA
TCGA.AR.A24T.01,True,True,True,True,True,4,GS-BRCA
TCGA.AR.A24U.01,True,True,True,True,True,4,GS-BRCA
TCGA.AR.A24V.01,True,True,True,True,True,4,GS-BRCA
TCGA.AR.A24W.01,True,True,True,True,True,4,GS-BRCA
TCGA.AR.A24X.01,True,True,True,True,True,4,GS-BRCA
TCGA.AR.A24Z.01,True,True,True,True,True,4,GS-BRCA
TCGA.AR.A250.01,True,True,True,True,True,4,GS-BRCA
TCGA.AR.A251.01,True,True,True,True,True,4,GS-BRCA
TCGA.AR.A252.01,True,True,True,True,True,4,GS-BRCA
TCGA.AR.A254.01,True,True,True,True,True,4,GS-BRCA
TCGA.AR.A255.01,True,True,True,True,True,4,GS-BRCA
TCGA.AR.A256.01,True,True,True,True,True,4,GS-BRCA
TCGA.AR.A2LE.01,True,True,True,True,True,4,GS-BRCA
TCGA.AR.A2LH.01,True,True,True,True,True,4,GS-BRCA
TCGA.AR.A2LK.01,True,True,True,True,True,4,GS-BRCA
TCGA.AR.A2LM.01,True,True,True,True,True,4,GS-BRCA
TCGA.AR.A2LN.01,True,True,True,True,True,4,GS-BRCA
TCGA.AR.A2LO.01,True,True,True,True,True,4,GS-BRCA
TCGA.AR.A2LQ.01,True,True,True,True,True,4,GS-BRCA
TCGA.AR.A5QM.01,True,True,True,True,True,4,GS-BRCA
TCGA.AR.A5QN.01,True,True,True,True,True,4,GS-BRCA
TCGA.AR.A5QP.01,True,True,True,True,True,4,GS-BRCA
TCGA.AR.A5QQ.01,True,True,True,True,True,4,GS-BRCA
TCGA.B6.A0I1.01,True,True,True,True,True,4,GS-BRCA
TCGA.B6.A0IK.01,True,True,True,True,True,4,GS-BRCA
TCGA.B6.A0RE.01,True,True,True,True,True,4,GS-BRCA
TCGA.B6.A0RG.01,True,True,True,True,True,4,GS-BRCA
TCGA.B6.A0RI.01,True,True,True,True,True,4,GS-BRCA
TCGA.B6.A0RL.01,True,True,True,True,True,4,GS-BRCA
TCGA.B6.A0RM.01,True,True,True,True,True,4,GS-BRCA
TCGA.B6.A0RN.01,True,True,True,True,True,4,GS-BRCA
TCGA.B6.A0RO.01,True,True,True,True,True,4,GS-BRCA
TCGA.B6.A0RP.01,True,True,True,True,True,4,GS-BRCA
TCGA.B6.A0RS.01,True,True,True,True,True,4,GS-BRCA
TCGA.B6.A0RT.01,True,True,True,True,True,4,GS-BRCA
TCGA.B6.A0RU.01,True,True,True,True,True,4,GS-BRCA
TCGA.B6.A0RV.01,True,True,True,True,True,4,GS-BRCA
TCGA.B6.A0WT.01,True,True,True,True,True,4,GS-BRCA
TCGA.B6.A0WV.01,True,True,True,True,True,4,GS-BRCA
TCGA.B6.A0WW.01,True,True,True,True,True,4,GS-BRCA
TCGA.B6.A0WX.01,True,True,True,True,True,4,GS-BRCA
TCGA.B6.A0WY.01,True,True,True,True,True,4,GS-BRCA
TCGA.B6.A0WZ.01,True,True,True,True,True,4,GS-BRCA
TCGA.B6.A0X4.01,True,True,True,True,True,4,GS-BRCA
TCGA.B6.A0X5.01,True,True,True,True,True,4,GS-BRCA
TCGA.B6.A0X7.01,True,True,True,True,True,4,GS-BRCA
TCGA.B6.A1KC.01,True,True,True,True,True,4,GS-BRCA
TCGA.B6.A1KF.01,True,True,True,True,True,4,GS-BRCA
TCGA.B6.A1KI.01,True,True,True,True,True,4,GS-BRCA
TCGA.B6.A1KN.01,True,True,True,True,True,4,GS-BRCA
TCGA.B6.A2IU.01,True,True,True,True,True,4,GS-BRCA
TCGA.B6.A401.01,True,True,True,True,True,4,GS-BRCA
TCGA.B6.A409.01,True,True,True,True,True,4,GS-BRCA
TCGA.B6.A40B.01,True,True,True,True,True,4,GS-BRCA
TCGA.B6.A40C.01,True,True,True,True,True,4,GS-BRCA
TCGA.BH.A0AU.01,True,True,True,True,True,4,GS-BRCA
TCGA.BH.A0AW.01,True,True,True,True,True,4,GS-BRCA
TCGA.BH.A0AZ.01,True,True,True,True,True,4,GS-BRCA
TCGA.BH.A0B3.01,True,True,True,True,True,4,GS-BRCA
TCGA.BH.A0B5.01,True,True,True,True,True,4,GS-BRCA
TCGA.BH.A0B9.01,True,True,True,True,True,4,GS-BRCA
TCGA.BH.A0BA.01,True,True,True,True,True,4,GS-BRCA
TCGA.BH.A0BF.01,True,True,True,True,True,4,GS-BRCA
TCGA.BH.A0BJ.01,True,True,True,True,True,4,GS-BRCA
TCGA.BH.A0BM.01,True,True,True,True,True,4,GS-BRCA
TCGA.BH.A0BT.01,True,True,True,True,True,4,GS-BRCA
TCGA.BH.A0BZ.01,True,True,True,True,True,4,GS-BRCA
TCGA.BH.A0C0.01,True,True,True,True,True,4,GS-BRCA
TCGA.BH.A0C3.01,True,True,True,True,True,4,GS-BRCA
TCGA.BH.A0DG.01,True,True,True,True,True,4,GS-BRCA
TCGA.BH.A0DH.01,True,True,True,True,True,4,GS-BRCA
TCGA.BH.A0DI.01,True,True,True,True,True,4,GS-BRCA
TCGA.BH.A0DK.01,True,True,True,True,True,4,GS-BRCA
TCGA.BH.A0DP.01,True,True,True,True,True,4,GS-BRCA
TCGA.BH.A0DQ.01,True,True,True,True,True,4,GS-BRCA
TCGA.BH.A0DS.01,True,True,True,True,True,4,GS-BRCA
TCGA.BH.A0DV.01,True,True,True,True,True,4,GS-BRCA
TCGA.BH.A0E0.01,True,True,True,True,True,4,GS-BRCA
TCGA.BH.A0E1.01,True,True,True,True,True,4,GS-BRCA
TCGA.BH.A0E2.01,True,True,True,True,True,4,GS-BRCA
TCGA.BH.A0GY.01,True,True,True,True,True,4,GS-BRCA
TCGA.BH.A0GZ.01,True,True,True,True,True,4,GS-BRCA
TCGA.BH.A0H0.01,True,True,True,True,True,4,GS-BRCA
TCGA.BH.A0H3.01,True,True,True,True,True,4,GS-BRCA
TCGA.BH.A0H6.01,True,True,True,True,True,4,GS-BRCA
TCGA.BH.A0H7.01,True,True,True,True,True,4,GS-BRCA
TCGA.BH.A0H9.01,True,True,True,True,True,4,GS-BRCA
TCGA.BH.A0HA.01,True,True,True,True,True,4,GS-BRCA
TCGA.BH.A0HB.01,True,True,True,True,True,4,GS-BRCA
TCGA.BH.A0HI.01,True,True,True,True,True,4,GS-BRCA
TCGA.BH.A0HK.01,True,True,True,True,True,4,GS-BRCA
TCGA.BH.A0HP.01,True,True,True,True,True,4,GS-BRCA
TCGA.BH.A0HX.01,True,True,True,True,True,4,GS-BRCA
TCGA.BH.A0HY.01,True,True,True,True,True,4,GS-BRCA
TCGA.BH.A0RX.01,True,True,True,True,True,4,GS-BRCA
TCGA.BH.A0W3.01,True,True,True,True,True,4,GS-BRCA
TCGA.BH.A0W4.01,True,True,True,True,True,4,GS-BRCA
TCGA.BH.A0W5.01,True,True,True,True,True,4,GS-BRCA
TCGA.BH.A0WA.01,True,True,True,True,True,4,GS-BRCA
TCGA.BH.A1EN.01,True,True,True,True,True,4,GS-BRCA
TCGA.BH.A1EO.01,True,True,True,True,True,4,GS-BRCA
TCGA.BH.A1ET.01,True,True,True,True,True,4,GS-BRCA
TCGA.BH.A1EU.01,True,True,True,True,True,4,GS-BRCA
TCGA.BH.A1EV.01,True,True,True,True,True,4,GS-BRCA
TCGA.BH.A1EW.01,True,True,True,True,True,4,GS-BRCA
TCGA.BH.A1EX.01,True,True,True,True,True,4,GS-BRCA
TCGA.BH.A1EY.01,True,True,True,True,True,4,GS-BRCA
TCGA.BH.A1F0.01,True,True,True,True,True,4,GS-BRCA
TCGA.BH.A1F2.01,True,True,True,True,True,4,GS-BRCA
TCGA.BH.A1F6.01,True,True,True,True,True,4,GS-BRCA
TCGA.BH.A1F8.01,True,True,True,True,True,4,GS-BRCA
TCGA.BH.A1FC.01,True,True,True,True,True,4,GS-BRCA
TCGA.BH.A1FE.01,True,True,True,True,True,4,GS-BRCA
TCGA.BH.A1FG.01,True,True,True,True,True,4,GS-BRCA
TCGA.BH.A1FH.01,True,True,True,True,True,4,GS-BRCA
TCGA.BH.A1FJ.01,True,True,True,True,True,4,GS-BRCA
TCGA.BH.A1FL.01,True,True,True,True,True,4,GS-BRCA
TCGA.BH.A1FM.01,True,True,True,True,True,4,GS-BRCA
TCGA.BH.A1FN.01,True,True,True,True,True,4,GS-BRCA
TCGA.BH.A1FR.01,True,True,True,True,True,4,GS-BRCA
TCGA.BH.A1FU.01,True,True,True,True,True,4,GS-BRCA
TCGA.BH.A201.01,True,True,True,True,True,4,GS-BRCA
TCGA.BH.A202.01,True,True,True,True,True,4,GS-BRCA
TCGA.BH.A203.01,True,True,True,True,True,4,GS-BRCA
TCGA.BH.A204.01,True,True,True,True,True,4,GS-BRCA
TCGA.BH.A208.01,True,True,True,True,True,4,GS-BRCA
TCGA.BH.A209.01,True,True,True,True,True,4,GS-BRCA
TCGA.BH.A28Q.01,True,True,True,True,True,4,GS-BRCA
TCGA.BH.A2L8.01,True,True,True,True,True,4,GS-BRCA
TCGA.BH.A42U.01,True,True,True,True,True,4,GS-BRCA
TCGA.BH.A42V.01,True,True,True,True,True,4,GS-BRCA
TCGA.BH.A5IZ.01,True,True,True,True,True,4,GS-BRCA
TCGA.BH.A5J0.01,True,True,True,True,True,4,GS-BRCA
TCGA.BH.A6R8.01,True,True,True,True,True,4,GS-BRCA
TCGA.BH.A6R9.01,True,True,True,True,True,4,GS-BRCA
TCGA.BH.A8FY.01,True,True,True,True,True,4,GS-BRCA
TCGA.BH.A8FZ.01,True,True,True,True,True,4,GS-BRCA
TCGA.BH.A8G0.01,True,True,True,True,True,4,GS-BRCA
TCGA.BH.AB28.01,True,True,True,True,True,4,GS-BRCA
TCGA.C8.A1HE.01,True,True,True,True,True,4,GS-BRCA
TCGA.C8.A1HF.01,True,True,True,True,True,4,GS-BRCA
TCGA.C8.A1HG.01,True,True,True,True,True,4,GS-BRCA
TCGA.C8.A1HI.01,True,True,True,True,True,4,GS-BRCA
TCGA.C8.A1HJ.01,True,True,True,True,True,4,GS-BRCA
TCGA.C8.A1HK.01,True,True,True,True,True,4,GS-BRCA
TCGA.C8.A1HL.01,True,True,True,True,True,4,GS-BRCA
TCGA.C8.A1HM.01,True,True,True,True,True,4,GS-BRCA
TCGA.C8.A1HN.01,True,True,True,True,True,4,GS-BRCA
TCGA.C8.A1HO.01,True,True,True,True,True,4,GS-BRCA
TCGA.C8.A26V.01,True,True,True,True,True,4,GS-BRCA
TCGA.C8.A26W.01,True,True,True,True,True,4,GS-BRCA
TCGA.C8.A26X.01,True,True,True,True,True,4,GS-BRCA
TCGA.C8.A26Y.01,True,True,True,True,True,4,GS-BRCA
TCGA.C8.A26Z.01,True,True,True,True,True,4,GS-BRCA
TCGA.C8.A273.01,True,True,True,True,True,4,GS-BRCA
TCGA.C8.A274.01,True,True,True,True,True,4,GS-BRCA
TCGA.C8.A275.01,True,True,True,True,True,4,GS-BRCA
TCGA.C8.A278.01,True,True,True,True,True,4,GS-BRCA
TCGA.C8.A27A.01,True,True,True,True,True,4,GS-BRCA
TCGA.C8.A27B.01,True,True,True,True,True,4,GS-BRCA
TCGA.C8.A3M7.01,True,True,True,True,True,4,GS-BRCA
TCGA.C8.A3M8.01,True,True,True,True,True,4,GS-BRCA
TCGA.C8.A8HP.01,True,True,True,True,True,4,GS-BRCA
TCGA.C8.A8HQ.01,True,True,True,True,True,4,GS-BRCA
TCGA.C8.A8HR.01,True,True,True,True,True,4,GS-BRCA
TCGA.D8.A1J8.01,True,True,True,True,True,4,GS-BRCA
TCGA.D8.A1J9.01,True,True,True,True,True,4,GS-BRCA
TCGA.D8.A1JA.01,True,True,True,True,True,4,GS-BRCA
TCGA.D8.A1JB.01,True,True,True,True,True,4,GS-BRCA
TCGA.D8.A1JC.01,True,True,True,True,True,4,GS-BRCA
TCGA.D8.A1JD.01,True,True,True,True,True,4,GS-BRCA
TCGA.D8.A1JE.01,True,True,True,True,True,4,GS-BRCA
TCGA.D8.A1JF.01,True,True,True,True,True,4,GS-BRCA
TCGA.D8.A1JG.01,True,True,True,True,True,4,GS-BRCA
TCGA.D8.A1JH.01,True,True,True,True,True,4,GS-BRCA
TCGA.D8.A1JI.01,True,True,True,True,True,4,GS-BRCA
TCGA.D8.A1JJ.01,True,True,True,True,True,4,GS-BRCA
TCGA.D8.A1JK.01,True,True,True,True,True,4,GS-BRCA
TCGA.D8.A1JL.01,True,True,True,True,True,4,GS-BRCA
TCGA.D8.A1JN.01,True,True,True,True,True,4,GS-BRCA
TCGA.D8.A1JP.01,True,True,True,True,True,4,GS-BRCA
TCGA.D8.A1JS.01,True,True,True,True,True,4,GS-BRCA
TCGA.D8.A1JT.01,True,True,True,True,True,4,GS-BRCA
TCGA.D8.A1JU.01,True,True,True,True,True,4,GS-BRCA
TCGA.D8.A1X5.01,True,True,True,True,True,4,GS-BRCA
TCGA.D8.A1X6.01,True,True,True,True,True,4,GS-BRCA
TCGA.D8.A1X7.01,True,True,True,True,True,4,GS-BRCA
TCGA.D8.A1X8.01,True,True,True,True,True,4,GS-BRCA
TCGA.D8.A1X9.01,True,True,True,True,True,4,GS-BRCA
TCGA.D8.A1XA.01,True,True,True,True,True,4,GS-BRCA
TCGA.D8.A1XB.01,True,True,True,True,True,4,GS-BRCA
TCGA.D8.A1XC.01,True,True,True,True,True,4,GS-BRCA
TCGA.D8.A1XF.01,True,True,True,True,True,4,GS-BRCA
TCGA.D8.A1XG.01,True,True,True,True,True,4,GS-BRCA
TCGA.D8.A1XJ.01,True,True,True,True,True,4,GS-BRCA
TCGA.D8.A1XK.01,True,True,True,True,True,4,GS-BRCA
TCGA.D8.A1XL.01,True,True,True,True,True,4,GS-BRCA
TCGA.D8.A1XM.01,True,True,True,True,True,4,GS-BRCA
TCGA.D8.A1XO.01,True,True,True,True,True,4,GS-BRCA
TCGA.D8.A1XQ.01,True,True,True,True,True,4,GS-BRCA
TCGA.D8.A1XR.01,True,True,True,True,True,4,GS-BRCA
TCGA.D8.A1XT.01,True,True,True,True,True,4,GS-BRCA
TCGA.D8.A1XU.01,True,True,True,True,True,4,GS-BRCA
TCGA.D8.A1XV.01,True,True,True,True,True,4,GS-BRCA
TCGA.D8.A1XW.01,True,True,True,True,True,4,GS-BRCA
TCGA.D8.A1XY.01,True,True,True,True,True,4,GS-BRCA
TCGA.D8.A1XZ.01,True,True,True,True,True,4,GS-BRCA
TCGA.D8.A1Y0.01,True,True,True,True,True,4,GS-BRCA
TCGA.D8.A1Y1.01,True,True,True,True,True,4,GS-BRCA
TCGA.D8.A1Y2.01,True,True,True,True,True,4,GS-BRCA
TCGA.D8.A1Y3.01,True,True,True,True,True,4,GS-BRCA
TCGA.D8.A27E.01,True,True,True,True,True,4,GS-BRCA
TCGA.D8.A27F.01,True,True,True,True,True,4,GS-BRCA
TCGA.D8.A27G.01,True,True,True,True,True,4,GS-BRCA
TCGA.D8.A27H.01,True,True,True,True,True,4,GS-BRCA
TCGA.D8.A27I.01,True,True,True,True,True,4,GS-BRCA
TCGA.D8.A27K.01,True,True,True,True,True,4,GS-BRCA
TCGA.D8.A27L.01,True,True,True,True,True,4,GS-BRCA
TCGA.D8.A27M.01,True,True,True,True,True,4,GS-BRCA
TCGA.D8.A27P.01,True,True,True,True,True,4,GS-BRCA
TCGA.D8.A27R.01,True,True,True,True,True,4,GS-BRCA
TCGA.D8.A27T.01,True,True,True,True,True,4,GS-BRCA
TCGA.D8.A27V.01,True,True,True,True,True,4,GS-BRCA
TCGA.D8.A27W.01,True,True,True,True,True,4,GS-BRCA
TCGA.D8.A3Z6.01,True,True,True,True,True,4,GS-BRCA
TCGA.D8.A4Z1.01,True,True,True,True,True,4,GS-BRCA
TCGA.D8.A73U.01,True,True,True,True,True,4,GS-BRCA
TCGA.D8.A73W.01,True,True,True,True,True,4,GS-BRCA
TCGA.D8.A73X.01,True,True,True,True,True,4,GS-BRCA
TCGA.E2.A105.01,True,True,True,True,True,4,GS-BRCA
TCGA.E2.A107.01,True,True,True,True,True,4,GS-BRCA
TCGA.E2.A108.01,True,True,True,True,True,4,GS-BRCA
TCGA.E2.A109.01,True,True,True,True,True,4,GS-BRCA
TCGA.E2.A10B.01,True,True,True,True,True,4,GS-BRCA
TCGA.E2.A10C.01,True,True,True,True,True,4,GS-BRCA
TCGA.E2.A10F.01,True,True,True,True,True,4,GS-BRCA
TCGA.E2.A14N.01,True,True,True,True,True,4,GS-BRCA
TCGA.E2.A15I.01,True,True,True,True,True,4,GS-BRCA
TCGA.E2.A15J.01,True,True,True,True,True,4,GS-BRCA
TCGA.E2.A15K.01,True,True,True,True,True,4,GS-BRCA
TCGA.E2.A1AZ.01,True,True,True,True,True,4,GS-BRCA
TCGA.E2.A1B0.01,True,True,True,True,True,4,GS-BRCA
TCGA.E2.A1B1.01,True,True,True,True,True,4,GS-BRCA
TCGA.E2.A1B4.01,True,True,True,True,True,4,GS-BRCA
TCGA.E2.A1B5.01,True,True,True,True,True,4,GS-BRCA
TCGA.E2.A1B6.01,True,True,True,True,True,4,GS-BRCA
TCGA.E2.A1BC.01,True,True,True,True,True,4,GS-BRCA
TCGA.E2.A1BD.01,True,True,True,True,True,4,GS-BRCA
TCGA.E2.A1IE.01,True,True,True,True,True,4,GS-BRCA
TCGA.E2.A1IF.01,True,True,True,True,True,4,GS-BRCA
TCGA.E2.A1IG.01,True,True,True,True,True,4,GS-BRCA
TCGA.E2.A1IH.01,True,True,True,True,True,4,GS-BRCA
TCGA.E2.A1II.01,True,True,True,True,True,4,GS-BRCA
TCGA.E2.A1IJ.01,True,True,True,True,True,4,GS-BRCA
TCGA.E2.A1IK.01,True,True,True,True,True,4,GS-BRCA
TCGA.E2.A1IN.01,True,True,True,True,True,4,GS-BRCA
TCGA.E2.A1IO.01,True,True,True,True,True,4,GS-BRCA
TCGA.E2.A1IU.01,True,True,True,True,True,4,GS-BRCA
TCGA.E2.A1L6.01,True,True,True,True,True,4,GS-BRCA
TCGA.E2.A1L7.01,True,True,True,True,True,4,GS-BRCA
TCGA.E2.A1L8.01,True,True,True,True,True,4,GS-BRCA
TCGA.E2.A1L9.01,True,True,True,True,True,4,GS-BRCA
TCGA.E2.A1LA.01,True,True,True,True,True,4,GS-BRCA
TCGA.E2.A1LB.01,True,True,True,True,True,4,GS-BRCA
TCGA.E2.A1LG.01,True,True,True,True,True,4,GS-BRCA
TCGA.E2.A1LH.01,True,True,True,True,True,4,GS-BRCA
TCGA.E2.A1LI.01,True,True,True,True,True,4,GS-BRCA
TCGA.E2.A1LK.01,True,True,True,True,True,4,GS-BRCA
TCGA.E2.A1LL.01,True,True,True,True,True,4,GS-BRCA
TCGA.E2.A2P6.01,True,True,True,True,True,4,GS-BRCA
TCGA.E2.A56Z.01,True,True,True,True,True,4,GS-BRCA
TCGA.E2.A570.01,True,True,True,True,True,4,GS-BRCA
TCGA.E2.A573.01,True,True,True,True,True,4,GS-BRCA
TCGA.E2.A574.01,True,True,True,True,True,4,GS-BRCA
TCGA.E2.A576.01,True,True,True,True,True,4,GS-BRCA
TCGA.E2.A9RU.01,True,True,True,True,True,4,GS-BRCA
TCGA.E9.A1N3.01,True,True,True,True,True,4,GS-BRCA
TCGA.E9.A1N4.01,True,True,True,True,True,4,GS-BRCA
TCGA.E9.A1N5.01,True,True,True,True,True,4,GS-BRCA
TCGA.E9.A1N8.01,True,True,True,True,True,4,GS-BRCA
TCGA.E9.A1N9.01,True,True,True,True,True,4,GS-BRCA
TCGA.E9.A1NA.01,True,True,True,True,True,4,GS-BRCA
TCGA.E9.A1ND.01,True,True,True,True,True,4,GS-BRCA
TCGA.E9.A1NE.01,True,True,True,True,True,4,GS-BRCA
TCGA.E9.A1NF.01,True,True,True,True,True,4,GS-BRCA
TCGA.E9.A1NG.01,True,True,True,True,True,4,GS-BRCA
TCGA.E9.A1NH.01,True,True,True,True,True,4,GS-BRCA
TCGA.E9.A1NI.01,True,True,True,True,True,4,GS-BRCA
TCGA.E9.A1QZ.01,True,True,True,True,True,4,GS-BRCA
TCGA.E9.A1R0.01,True,True,True,True,True,4,GS-BRCA
TCGA.E9.A1R2.01,True,True,True,True,True,4,GS-BRCA
TCGA.E9.A1R3.01,True,True,True,True,True,4,GS-BRCA
TCGA.E9.A1R4.01,True,True,True,True,True,4,GS-BRCA
TCGA.E9.A1R5.01,True,True,True,True,True,4,GS-BRCA
TCGA.E9.A1R6.01,True,True,True,True,True,4,GS-BRCA
TCGA.E9.A1R7.01,True,True,True,True,True,4,GS-BRCA
TCGA.E9.A1RA.01,True,True,True,True,True,4,GS-BRCA
TCGA.E9.A1RB.01,True,True,True,True,True,4,GS-BRCA
TCGA.E9.A1RC.01,True,True,True,True,True,4,GS-BRCA
TCGA.E9.A1RD.01,True,True,True,True,True,4,GS-BRCA
TCGA.E9.A1RE.01,True,True,True,True,True,4,GS-BRCA
TCGA.E9.A1RF.01,True,True,True,True,True,4,GS-BRCA
TCGA.E9.A1RG.01,True,True,True,True,True,4,GS-BRCA
TCGA.E9.A1RH.01,True,True,True,True,True,4,GS-BRCA
TCGA.E9.A1RI.01,True,True,True,True,True,4,GS-BRCA
TCGA.E9.A226.01,True,True,True,True,True,4,GS-BRCA
TCGA.E9.A227.01,True,True,True,True,True,4,GS-BRCA
TCGA.E9.A228.01,True,True,True,True,True,4,GS-BRCA
TCGA.E9.A229.01,True,True,True,True,True,4,GS-BRCA
TCGA.E9.A22A.01,True,True,True,True,True,4,GS-BRCA
TCGA.E9.A22B.01,True,True,True,True,True,4,GS-BRCA
TCGA.E9.A22D.01,True,True,True,True,True,4,GS-BRCA
TCGA.E9.A22E.01,True,True,True,True,True,4,GS-BRCA
TCGA.E9.A22G.01,True,True,True,True,True,4,GS-BRCA
TCGA.E9.A22H.01,True,True,True,True,True,4,GS-BRCA
TCGA.E9.A243.01,True,True,True,True,True,4,GS-BRCA
TCGA.E9.A244.01,True,True,True,True,True,4,GS-BRCA
TCGA.E9.A245.01,True,True,True,True,True,4,GS-BRCA
TCGA.E9.A247.01,True,True,True,True,True,4,GS-BRCA
TCGA.E9.A248.01,True,True,True,True,True,4,GS-BRCA
TCGA.E9.A249.01,True,True,True,True,True,4,GS-BRCA
TCGA.E9.A24A.01,True,True,True,True,True,4,GS-BRCA
TCGA.E9.A295.01,True,True,True,True,True,4,GS-BRCA
TCGA.E9.A2JS.01,True,True,True,True,True,4,GS-BRCA
TCGA.E9.A2JT.01,True,True,True,True,True,4,GS-BRCA
TCGA.E9.A3QA.01,True,True,True,True,True,4,GS-BRCA
TCGA.E9.A3X8.01,True,True,True,True,True,4,GS-BRCA
TCGA.E9.A54Y.01,True,True,True,True,True,4,GS-BRCA
TCGA.E9.A5FK.01,True,True,True,True,True,4,GS-BRCA
TCGA.E9.A5FL.01,True,True,True,True,True,4,GS-BRCA
TCGA.E9.A5UO.01,True,True,True,True,True,4,GS-BRCA
TCGA.E9.A6HE.01,True,True,True,True,True,4,GS-BRCA
TCGA.EW.A1IW.01,True,True,True,True,True,4,GS-BRCA
TCGA.EW.A1IX.01,True,True,True,True,True,4,GS-BRCA
TCGA.EW.A1IY.01,True,True,True,True,True,4,GS-BRCA
TCGA.EW.A1IZ.01,True,True,True,True,True,4,GS-BRCA
TCGA.EW.A1J1.01,True,True,True,True,True,4,GS-BRCA
TCGA.EW.A1J2.01,True,True,True,True,True,4,GS-BRCA
TCGA.EW.A1J3.01,True,True,True,True,True,4,GS-BRCA
TCGA.EW.A1J5.01,True,True,True,True,True,4,GS-BRCA
TCGA.EW.A1J6.01,True,True,True,True,True,4,GS-BRCA
TCGA.EW.A1OV.01,True,True,True,True,True,4,GS-BRCA
TCGA.EW.A1OX.01,True,True,True,True,True,4,GS-BRCA
TCGA.EW.A1OY.01,True,True,True,True,True,4,GS-BRCA
TCGA.EW.A1OZ.01,True,True,True,True,True,4,GS-BRCA
TCGA.EW.A1P0.01,True,True,True,True,True,4,GS-BRCA
TCGA.EW.A1P1.01,True,True,True,True,True,4,GS-BRCA
TCGA.EW.A1P3.01,True,True,True,True,True,4,GS-BRCA
TCGA.EW.A1P4.01,True,True,True,True,True,4,GS-BRCA
TCGA.EW.A1P5.01,True,True,True,True,True,4,GS-BRCA
TCGA.EW.A1P6.01,True,True,True,True,True,4,GS-BRCA
TCGA.EW.A1P7.01,True,True,True,True,True,4,GS-BRCA
TCGA.EW.A1P8.01,True,True,True,True,True,4,GS-BRCA
TCGA.EW.A1PA.01,True,True,True,True,True,4,GS-BRCA
TCGA.EW.A1PB.01,True,True,True,True,True,4,GS-BRCA
TCGA.EW.A1PE.01,True,True,True,True,True,4,GS-BRCA
TCGA.EW.A1PG.01,True,True,True,True,True,4,GS-BRCA
TCGA.EW.A1PH.01,True,True,True,True,True,4,GS-BRCA
TCGA.EW.A2FR.01,True,True,True,True,True,4,GS-BRCA
TCGA.EW.A2FS.01,True,True,True,True,True,4,GS-BRCA
TCGA.EW.A2FV.01,True,True,True,True,True,4,GS-BRCA
TCGA.EW.A2FW.01,True,True,True,True,True,4,GS-BRCA
TCGA.EW.A423.01,True,True,True,True,True,4,GS-BRCA
TCGA.EW.A6S9.01,True,True,True,True,True,4,GS-BRCA
TCGA.EW.A6SB.01,True,True,True,True,True,4,GS-BRCA
TCGA.EW.A6SC.01,True,True,True,True,True,4,GS-BRCA
TCGA.EW.A6SD.01,True,True,True,True,True,4,GS-BRCA
TCGA.GI.A2C8.01,True,True,True,True,True,4,GS-BRCA
TCGA.GM.A2D9.01,True,True,True,True,True,4,GS-BRCA
TCGA.GM.A2DA.01,True,True,True,True,True,4,GS-BRCA
TCGA.GM.A2DB.01,True,True,True,True,True,4,GS-BRCA
TCGA.GM.A2DC.01,True,True,True,True,True,4,GS-BRCA
TCGA.GM.A2DD.01,True,True,True,True,True,4,GS-BRCA
TCGA.GM.A2DF.01,True,True,True,True,True,4,GS-BRCA
TCGA.GM.A2DH.01,True,True,True,True,True,4,GS-BRCA
TCGA.GM.A2DI.01,True,True,True,True,True,4,GS-BRCA
TCGA.GM.A2DK.01,True,True,True,True,True,4,GS-BRCA
TCGA.GM.A2DL.01,True,True,True,True,True,4,GS-BRCA
TCGA.GM.A2DM.01,True,True,True,True,True,4,GS-BRCA
TCGA.GM.A2DN.01,True,True,True,True,True,4,GS-BRCA
TCGA.GM.A2DO.01,True,True,True,True,True,4,GS-BRCA
TCGA.GM.A3NW.01,True,True,True,True,True,4,GS-BRCA
TCGA.GM.A3XL.01,True,True,True,True,True,4,GS-BRCA
TCGA.GM.A4E0.01,True,True,True,True,True,4,GS-BRCA
TCGA.GM.A5PV.01,True,True,True,True,True,4,GS-BRCA
TCGA.GM.A5PX.01,True,True,True,True,True,4,GS-BRCA
TCGA.HN.A2NL.01,True,True,True,True,True,4,GS-BRCA
TCGA.HN.A2OB.01,True,True,True,True,True,4,GS-BRCA
TCGA.JL.A3YX.01,True,True,True,True,True,4,GS-BRCA
TCGA.LD.A66U.01,True,True,True,True,True,4,GS-BRCA
TCGA.LD.A74U.01,True,True,True,True,True,4,GS-BRCA
TCGA.LD.A7W6.01,True,True,True,True,True,4,GS-BRCA
TCGA.LD.A9QF.01,True,True,True,True,True,4,GS-BRCA
TCGA.LL.A440.01,True,True,True,True,True,4,GS-BRCA
TCGA.LL.A50Y.01,True,True,True,True,True,4,GS-BRCA
TCGA.LL.A5YL.01,True,True,True,True,True,4,GS-BRCA
TCGA.LL.A5YM.01,True,True,True,True,True,4,GS-BRCA
TCGA.LL.A5YN.01,True,True,True,True,True,4,GS-BRCA
TCGA.LL.A5YO.01,True,True,True,True,True,4,GS-BRCA
TCGA.LL.A5YP.01,True,True,True,True,True,4,GS-BRCA
TCGA.LL.A6FP.01,True,True,True,True,True,4,GS-BRCA
TCGA.LL.A6FQ.01,True,True,True,True,True,4,GS-BRCA
TCGA.LL.A6FR.01,True,True,True,True,True,4,GS-BRCA
TCGA.LL.A73Y.01,True,True,True,True,True,4,GS-BRCA
TCGA.LL.A73Z.01,True,True,True,True,True,4,GS-BRCA
TCGA.LL.A740.01,True,True,True,True,True,4,GS-BRCA
TCGA.LL.A7SZ.01,True,True,True,True,True,4,GS-BRCA
TCGA.LL.A7T0.01,True,True,True,True,True,4,GS-BRCA
TCGA.LL.A8F5.01,True,True,True,True,True,4,GS-BRCA
TCGA.LL.A9Q3.01,True,True,True,True,True,4,GS-BRCA
TCGA.OK.A5Q2.01,True,True,True,True,True,4,GS-BRCA
TCGA.OL.A5D6.01,True,True,True,True,True,4,GS-BRCA
TCGA.OL.A5D7.01,True,True,True,True,True,4,GS-BRCA
TCGA.OL.A5D8.01,True,True,True,True,True,4,GS-BRCA
TCGA.OL.A5DA.01,True,True,True,True,True,4,GS-BRCA
TCGA.OL.A5RU.01,True,True,True,True,True,4,GS-BRCA
TCGA.OL.A5RV.01,True,True,True,True,True,4,GS-BRCA
TCGA.OL.A5RW.01,True,True,True,True,True,4,GS-BRCA
TCGA.OL.A5RX.01,True,True,True,True,True,4,GS-BRCA
TCGA.OL.A5RY.01,True,True,True,True,True,4,GS-BRCA
TCGA.OL.A5RZ.01,True,True,True,True,True,4,GS-BRCA
TCGA.OL.A5S0.01,True,True,True,True,True,4,GS-BRCA
TCGA.OL.A66H.01,True,True,True,True,True,4,GS-BRCA
TCGA.OL.A66I.01,True,True,True,True,True,4,GS-BRCA
TCGA.OL.A66J.01,True,True,True,True,True,4,GS-BRCA
TCGA.OL.A66K.01,True,True,True,True,True,4,GS-BRCA
TCGA.OL.A66L.01,True,True,True,True,True,4,GS-BRCA
TCGA.OL.A66N.01,True,True,True,True,True,4,GS-BRCA
TCGA.OL.A66O.01,True,True,True,True,True,4,GS-BRCA
TCGA.OL.A66P.01,True,True,True,True,True,4,GS-BRCA
TCGA.OL.A6VO.01,True,True,True,True,True,4,GS-BRCA
TCGA.OL.A6VQ.01,True,True,True,True,True,4,GS-BRCA
TCGA.OL.A6VR.01,True,True,True,True,True,4,GS-BRCA
TCGA.OL.A97C.01,True,True,True,True,True,4,GS-BRCA
TCGA.PE.A5DC.01,True,True,True,True,True,4,GS-BRCA
TCGA.PE.A5DD.01,True,True,True,True,True,4,GS-BRCA
TCGA.PE.A5DE.01,True,True,True,True,True,4,GS-BRCA
TCGA.PL.A8LV.01,True,True,True,True,True,4,GS-BRCA
TCGA.PL.A8LX.01,True,True,True,True,True,4,GS-BRCA
TCGA.PL.A8LY.01,True,True,True,True,True,4,GS-BRCA
TCGA.PL.A8LZ.01,True,True,True,True,True,4,GS-BRCA
TCGA.S3.A6ZF.01,True,True,True,True,True,4,GS-BRCA
TCGA.S3.A6ZG.01,True,True,True,True,True,4,GS-BRCA
TCGA.S3.A6ZH.01,True,True,True,True,True,4,GS-BRCA
TCGA.S3.AA0Z.01,True,True,True,True,True,4,GS-BRCA
TCGA.S3.AA10.01,True,True,True,True,True,4,GS-BRCA
TCGA.S3.AA11.01,True,True,True,True,True,4,GS-BRCA
TCGA.S3.AA12.01,True,True,True,True,True,4,GS-BRCA
TCGA.S3.AA14.01,True,True,True,True,True,4,GS-BRCA
TCGA.S3.AA15.01,True,True,True,True,True,4,GS-BRCA
TCGA.S3.AA17.01,True,True,True,True,True,4,GS-BRCA
TCGA.UL.AAZ6.01,True,True,True,True,True,4,GS-BRCA
TCGA.UU.A93S.01,True,True,True,True,True,4,GS-BRCA
TCGA.V7.A7HQ.01,True,True,True,True,True,4,GS-BRCA
TCGA.W8.A86G.01,True,True,True,True,True,4,GS-BRCA
TCGA.WT.AB41.01,True,True,True,True,True,4,GS-BRCA
TCGA.WT.AB44.01,True,True,True,True,True,4,GS-BRCA
TCGA.XX.A899.01,True,True,True,True,True,4,GS-BRCA
TCGA.XX.A89A.01,True,True,True,True,True,4,GS-BRCA
TCGA.Z7.A8R5.01,True,True,True,True,True,4,GS-BRCA
TCGA.Z7.A8R6.01,True,True,True,True,True,4,GS-BRCA
TCGA.3L.AA1B.01,True,True,True,True,True,4,GS-COAD
TCGA.4N.A93T.01,True,True,True,True,True,4,GS-COAD
TCGA.4T.AA8H.01,True,True,True,True,True,4,GS-COAD
TCGA.5M.AAT4.01,True,True,True,True,True,4,GS-COAD
TCGA.5M.AAT6.01,True,True,True,True,True,4,GS-COAD
TCGA.5M.AATE.01,True,True,True,True,True,4,GS-COAD
TCGA.A6.2671.01,True,True,True,True,True,4,GS-COAD
TCGA.A6.2675.01,True,True,True,True,True,4,GS-COAD
TCGA.A6.2681.01,True,True,True,True,True,4,GS-COAD
TCGA.A6.2685.01,True,True,True,True,True,4,GS-COAD
TCGA.A6.2686.01,True,True,True,True,True,4,GS-COAD
TCGA.A6.4105.01,True,True,True,True,True,4,GS-COAD
TCGA.A6.4107.01,True,True,True,True,True,4,GS-COAD
TCGA.A6.5657.01,True,True,True,True,True,4,GS-COAD
TCGA.A6.5660.01,True,True,True,True,True,4,GS-COAD
TCGA.A6.5661.01,True,True,True,True,True,4,GS-COAD
TCGA.A6.5662.01,True,True,True,True,True,4,GS-COAD
TCGA.A6.5664.01,True,True,True,True,True,4,GS-COAD
TCGA.A6.5665.01,True,True,True,True,True,4,GS-COAD
TCGA.A6.5666.01,True,True,True,True,True,4,GS-COAD
TCGA.A6.5667.01,True,True,True,True,True,4,GS-COAD
TCGA.A6.6137.01,True,True,True,True,True,4,GS-COAD
TCGA.A6.6138.01,True,True,True,True,True,4,GS-COAD
TCGA.A6.6142.01,True,True,True,True,True,4,GS-COAD
TCGA.A6.6648.01,True,True,True,True,True,4,GS-COAD
TCGA.A6.6649.01,True,True,True,True,True,4,GS-COAD
TCGA.A6.6651.01,True,True,True,True,True,4,GS-COAD
TCGA.A6.6652.01,True,True,True,True,True,4,GS-COAD
TCGA.A6.6653.01,True,True,True,True,True,4,GS-COAD
TCGA.A6.6654.01,True,True,True,True,True,4,GS-COAD
TCGA.A6.6782.01,True,True,True,True,True,4,GS-COAD
TCGA.A6.A565.01,True,True,True,True,True,4,GS-COAD
TCGA.A6.A566.01,True,True,True,True,True,4,GS-COAD
TCGA.A6.A567.01,True,True,True,True,True,4,GS-COAD
TCGA.A6.A56B.01,True,True,True,True,True,4,GS-COAD
TCGA.AA.3489.01,True,True,True,True,True,4,GS-COAD
TCGA.AA.3492.01,True,True,True,True,True,4,GS-COAD
TCGA.AA.3496.01,True,True,True,True,True,4,GS-COAD
TCGA.AA.3502.01,True,True,True,True,True,4,GS-COAD
TCGA.AA.3506.01,True,True,True,True,True,4,GS-COAD
TCGA.AA.3510.01,True,True,True,True,True,4,GS-COAD
TCGA.AA.3511.01,True,True,True,True,True,4,GS-COAD
TCGA.AA.3655.01,True,True,True,True,True,4,GS-COAD
TCGA.AA.3660.01,True,True,True,True,True,4,GS-COAD
TCGA.AA.3663.01,True,True,True,True,True,4,GS-COAD
TCGA.AA.3712.01,True,True,True,True,True,4,GS-COAD
TCGA.AA.3713.01,True,True,True,True,True,4,GS-COAD
TCGA.AD.5900.01,True,True,True,True,True,4,GS-COAD
TCGA.AD.6548.01,True,True,True,True,True,4,GS-COAD
TCGA.AD.6888.01,True,True,True,True,True,4,GS-COAD
TCGA.AD.6889.01,True,True,True,True,True,4,GS-COAD
TCGA.AD.6890.01,True,True,True,True,True,4,GS-COAD
TCGA.AD.6895.01,True,True,True,True,True,4,GS-COAD
TCGA.AD.6899.01,True,True,True,True,True,4,GS-COAD
TCGA.AD.6901.01,True,True,True,True,True,4,GS-COAD
TCGA.AD.6963.01,True,True,True,True,True,4,GS-COAD
TCGA.AD.6964.01,True,True,True,True,True,4,GS-COAD
TCGA.AD.6965.01,True,True,True,True,True,4,GS-COAD
TCGA.AD.A5EJ.01,True,True,True,True,True,4,GS-COAD
TCGA.AD.A5EK.01,True,True,True,True,True,4,GS-COAD
TCGA.AM.5820.01,True,True,True,True,True,4,GS-COAD
TCGA.AM.5821.01,True,True,True,True,True,4,GS-COAD
TCGA.AU.3779.01,True,True,True,True,True,4,GS-COAD
TCGA.AU.6004.01,True,True,True,True,True,4,GS-COAD
TCGA.AY.5543.01,True,True,True,True,True,4,GS-COAD
TCGA.AY.6196.01,True,True,True,True,True,4,GS-COAD
TCGA.AY.6197.01,True,True,True,True,True,4,GS-COAD
TCGA.AY.6386.01,True,True,True,True,True,4,GS-COAD
TCGA.AY.A54L.01,True,True,True,True,True,4,GS-COAD
TCGA.AY.A69D.01,True,True,True,True,True,4,GS-COAD
TCGA.AY.A71X.01,True,True,True,True,True,4,GS-COAD
TCGA.AY.A8YK.01,True,True,True,True,True,4,GS-COAD
TCGA.AZ.4308.01,True,True,True,True,True,4,GS-COAD
TCGA.AZ.4315.01,True,True,True,True,True,4,GS-COAD
TCGA.AZ.4323.01,True,True,True,True,True,4,GS-COAD
TCGA.AZ.4614.01,True,True,True,True,True,4,GS-COAD
TCGA.AZ.4615.01,True,True,True,True,True,4,GS-COAD
TCGA.AZ.4616.01,True,True,True,True,True,4,GS-COAD
TCGA.AZ.4682.01,True,True,True,True,True,4,GS-COAD
TCGA.AZ.5403.01,True,True,True,True,True,4,GS-COAD
TCGA.AZ.5407.01,True,True,True,True,True,4,GS-COAD
TCGA.AZ.6598.01,True,True,True,True,True,4,GS-COAD
TCGA.AZ.6599.01,True,True,True,True,True,4,GS-COAD
TCGA.AZ.6600.01,True,True,True,True,True,4,GS-COAD
TCGA.AZ.6603.01,True,True,True,True,True,4,GS-COAD
TCGA.AZ.6605.01,True,True,True,True,True,4,GS-COAD
TCGA.AZ.6606.01,True,True,True,True,True,4,GS-COAD
TCGA.CA.5254.01,True,True,True,True,True,4,GS-COAD
TCGA.CA.5255.01,True,True,True,True,True,4,GS-COAD
TCGA.CA.5256.01,True,True,True,True,True,4,GS-COAD
TCGA.CA.5796.01,True,True,True,True,True,4,GS-COAD
TCGA.CA.5797.01,True,True,True,True,True,4,GS-COAD
TCGA.CA.6715.01,True,True,True,True,True,4,GS-COAD
TCGA.CA.6716.01,True,True,True,True,True,4,GS-COAD
TCGA.CA.6717.01,True,True,True,True,True,4,GS-COAD
TCGA.CA.6718.01,True,True,True,True,True,4,GS-COAD
TCGA.CA.6719.01,True,True,True,True,True,4,GS-COAD
TCGA.CK.4947.01,True,True,True,True,True,4,GS-COAD
TCGA.CK.4948.01,True,True,True,True,True,4,GS-COAD
TCGA.CK.4950.01,True,True,True,True,True,4,GS-COAD
TCGA.CK.4951.01,True,True,True,True,True,4,GS-COAD
TCGA.CK.4952.01,True,True,True,True,True,4,GS-COAD
TCGA.CK.5912.01,True,True,True,True,True,4,GS-COAD
TCGA.CK.5913.01,True,True,True,True,True,4,GS-COAD
TCGA.CK.5914.01,True,True,True,True,True,4,GS-COAD
TCGA.CK.5915.01,True,True,True,True,True,4,GS-COAD
TCGA.CK.5916.01,True,True,True,True,True,4,GS-COAD
TCGA.CK.6746.01,True,True,True,True,True,4,GS-COAD
TCGA.CK.6747.01,True,True,True,True,True,4,GS-COAD
TCGA.CK.6748.01,True,True,True,True,True,4,GS-COAD
TCGA.CK.6751.01,True,True,True,True,True,4,GS-COAD
TCGA.CM.4743.01,True,True,True,True,True,4,GS-COAD
TCGA.CM.4744.01,True,True,True,True,True,4,GS-COAD
TCGA.CM.4746.01,True,True,True,True,True,4,GS-COAD
TCGA.CM.4747.01,True,True,True,True,True,4,GS-COAD
TCGA.CM.4750.01,True,True,True,True,True,4,GS-COAD
TCGA.CM.4751.01,True,True,True,True,True,4,GS-COAD
TCGA.CM.4752.01,True,True,True,True,True,4,GS-COAD
TCGA.CM.5341.01,True,True,True,True,True,4,GS-COAD
TCGA.CM.5344.01,True,True,True,True,True,4,GS-COAD
TCGA.CM.5348.01,True,True,True,True,True,4,GS-COAD
TCGA.CM.5349.01,True,True,True,True,True,4,GS-COAD
TCGA.CM.5860.01,True,True,True,True,True,4,GS-COAD
TCGA.CM.5861.01,True,True,True,True,True,4,GS-COAD
TCGA.CM.5862.01,True,True,True,True,True,4,GS-COAD
TCGA.CM.5863.01,True,True,True,True,True,4,GS-COAD
TCGA.CM.5864.01,True,True,True,True,True,4,GS-COAD
TCGA.CM.5868.01,True,True,True,True,True,4,GS-COAD
TCGA.CM.6161.01,True,True,True,True,True,4,GS-COAD
TCGA.CM.6162.01,True,True,True,True,True,4,GS-COAD
TCGA.CM.6163.01,True,True,True,True,True,4,GS-COAD
TCGA.CM.6164.01,True,True,True,True,True,4,GS-COAD
TCGA.CM.6165.01,True,True,True,True,True,4,GS-COAD
TCGA.CM.6166.01,True,True,True,True,True,4,GS-COAD
TCGA.CM.6167.01,True,True,True,True,True,4,GS-COAD
TCGA.CM.6168.01,True,True,True,True,True,4,GS-COAD
TCGA.CM.6169.01,True,True,True,True,True,4,GS-COAD
TCGA.CM.6170.01,True,True,True,True,True,4,GS-COAD
TCGA.CM.6171.01,True,True,True,True,True,4,GS-COAD
TCGA.CM.6172.01,True,True,True,True,True,4,GS-COAD
TCGA.CM.6674.01,True,True,True,True,True,4,GS-COAD
TCGA.CM.6675.01,True,True,True,True,True,4,GS-COAD
TCGA.CM.6676.01,True,True,True,True,True,4,GS-COAD
TCGA.CM.6677.01,True,True,True,True,True,4,GS-COAD
TCGA.CM.6678.01,True,True,True,True,True,4,GS-COAD
TCGA.CM.6679.01,True,True,True,True,True,4,GS-COAD
TCGA.CM.6680.01,True,True,True,True,True,4,GS-COAD
TCGA.D5.5537.01,True,True,True,True,True,4,GS-COAD
TCGA.D5.5538.01,True,True,True,True,True,4,GS-COAD
TCGA.D5.5539.01,True,True,True,True,True,4,GS-COAD
TCGA.D5.5540.01,True,True,True,True,True,4,GS-COAD
TCGA.D5.5541.01,True,True,True,True,True,4,GS-COAD
TCGA.D5.6529.01,True,True,True,True,True,4,GS-COAD
TCGA.D5.6530.01,True,True,True,True,True,4,GS-COAD
TCGA.D5.6531.01,True,True,True,True,True,4,GS-COAD
TCGA.D5.6532.01,True,True,True,True,True,4,GS-COAD
TCGA.D5.6533.01,True,True,True,True,True,4,GS-COAD
TCGA.D5.6534.01,True,True,True,True,True,4,GS-COAD
TCGA.D5.6535.01,True,True,True,True,True,4,GS-COAD
TCGA.D5.6536.01,True,True,True,True,True,4,GS-COAD
TCGA.D5.6537.01,True,True,True,True,True,4,GS-COAD
TCGA.D5.6538.01,True,True,True,True,True,4,GS-COAD
TCGA.D5.6539.01,True,True,True,True,True,4,GS-COAD
TCGA.D5.6540.01,True,True,True,True,True,4,GS-COAD
TCGA.D5.6541.01,True,True,True,True,True,4,GS-COAD
TCGA.D5.6898.01,True,True,True,True,True,4,GS-COAD
TCGA.D5.6920.01,True,True,True,True,True,4,GS-COAD
TCGA.D5.6922.01,True,True,True,True,True,4,GS-COAD
TCGA.D5.6924.01,True,True,True,True,True,4,GS-COAD
TCGA.D5.6926.01,True,True,True,True,True,4,GS-COAD
TCGA.D5.6927.01,True,True,True,True,True,4,GS-COAD
TCGA.D5.6928.01,True,True,True,True,True,4,GS-COAD
TCGA.D5.6929.01,True,True,True,True,True,4,GS-COAD
TCGA.D5.6930.01,True,True,True,True,True,4,GS-COAD
TCGA.D5.6931.01,True,True,True,True,True,4,GS-COAD
TCGA.D5.6932.01,True,True,True,True,True,4,GS-COAD
TCGA.D5.7000.01,True,True,True,True,True,4,GS-COAD
TCGA.DM.A0X9.01,True,True,True,True,True,4,GS-COAD
TCGA.DM.A0XD.01,True,True,True,True,True,4,GS-COAD
TCGA.DM.A0XF.01,True,True,True,True,True,4,GS-COAD
TCGA.DM.A1D0.01,True,True,True,True,True,4,GS-COAD
TCGA.DM.A1D4.01,True,True,True,True,True,4,GS-COAD
TCGA.DM.A1D6.01,True,True,True,True,True,4,GS-COAD
TCGA.DM.A1D7.01,True,True,True,True,True,4,GS-COAD
TCGA.DM.A1D8.01,True,True,True,True,True,4,GS-COAD
TCGA.DM.A1D9.01,True,True,True,True,True,4,GS-COAD
TCGA.DM.A1DA.01,True,True,True,True,True,4,GS-COAD
TCGA.DM.A1DB.01,True,True,True,True,True,4,GS-COAD
TCGA.DM.A1HA.01,True,True,True,True,True,4,GS-COAD
TCGA.DM.A1HB.01,True,True,True,True,True,4,GS-COAD
TCGA.DM.A280.01,True,True,True,True,True,4,GS-COAD
TCGA.DM.A282.01,True,True,True,True,True,4,GS-COAD
TCGA.DM.A285.01,True,True,True,True,True,4,GS-COAD
TCGA.DM.A288.01,True,True,True,True,True,4,GS-COAD
TCGA.DM.A28A.01,True,True,True,True,True,4,GS-COAD
TCGA.DM.A28C.01,True,True,True,True,True,4,GS-COAD
TCGA.DM.A28E.01,True,True,True,True,True,4,GS-COAD
TCGA.DM.A28F.01,True,True,True,True,True,4,GS-COAD
TCGA.DM.A28G.01,True,True,True,True,True,4,GS-COAD
TCGA.DM.A28H.01,True,True,True,True,True,4,GS-COAD
TCGA.DM.A28K.01,True,True,True,True,True,4,GS-COAD
TCGA.DM.A28M.01,True,True,True,True,True,4,GS-COAD
TCGA.F4.6459.01,True,True,True,True,True,4,GS-COAD
TCGA.F4.6460.01,True,True,True,True,True,4,GS-COAD
TCGA.F4.6461.01,True,True,True,True,True,4,GS-COAD
TCGA.F4.6463.01,True,True,True,True,True,4,GS-COAD
TCGA.F4.6569.01,True,True,True,True,True,4,GS-COAD
TCGA.F4.6570.01,True,True,True,True,True,4,GS-COAD
TCGA.F4.6703.01,True,True,True,True,True,4,GS-COAD
TCGA.F4.6704.01,True,True,True,True,True,4,GS-COAD
TCGA.F4.6805.01,True,True,True,True,True,4,GS-COAD
TCGA.F4.6806.01,True,True,True,True,True,4,GS-COAD
TCGA.F4.6807.01,True,True,True,True,True,4,GS-COAD
TCGA.F4.6808.01,True,True,True,True,True,4,GS-COAD
TCGA.F4.6809.01,True,True,True,True,True,4,GS-COAD
TCGA.F4.6854.01,True,True,True,True,True,4,GS-COAD
TCGA.F4.6855.01,True,True,True,True,True,4,GS-COAD
TCGA.F4.6856.01,True,True,True,True,True,4,GS-COAD
TCGA.G4.6293.01,True,True,True,True,True,4,GS-COAD
TCGA.G4.6294.01,True,True,True,True,True,4,GS-COAD
TCGA.G4.6295.01,True,True,True,True,True,4,GS-COAD
TCGA.G4.6297.01,True,True,True,True,True,4,GS-COAD
TCGA.G4.6298.01,True,True,True,True,True,4,GS-COAD
TCGA.G4.6299.01,True,True,True,True,True,4,GS-COAD
TCGA.G4.6302.01,True,True,True,True,True,4,GS-COAD
TCGA.G4.6303.01,True,True,True,True,True,4,GS-COAD
TCGA.G4.6304.01,True,True,True,True,True,4,GS-COAD
TCGA.G4.6306.01,True,True,True,True,True,4,GS-COAD
TCGA.G4.6307.01,True,True,True,True,True,4,GS-COAD
TCGA.G4.6309.01,True,True,True,True,True,4,GS-COAD
TCGA.G4.6311.01,True,True,True,True,True,4,GS-COAD
TCGA.G4.6315.01,True,True,True,True,True,4,GS-COAD
TCGA.G4.6317.01,True,True,True,True,True,4,GS-COAD
TCGA.G4.6320.01,True,True,True,True,True,4,GS-COAD
TCGA.G4.6321.01,True,True,True,True,True,4,GS-COAD
TCGA.G4.6322.01,True,True,True,True,True,4,GS-COAD
TCGA.G4.6323.01,True,True,True,True,True,4,GS-COAD
TCGA.G4.6586.01,True,True,True,True,True,4,GS-COAD
TCGA.G4.6588.01,True,True,True,True,True,4,GS-COAD
TCGA.G4.6627.01,True,True,True,True,True,4,GS-COAD
TCGA.G4.6628.01,True,True,True,True,True,4,GS-COAD
TCGA.NH.A50T.01,True,True,True,True,True,4,GS-COAD
TCGA.NH.A50U.01,True,True,True,True,True,4,GS-COAD
TCGA.NH.A50V.01,True,True,True,True,True,4,GS-COAD
TCGA.NH.A5IV.01,True,True,True,True,True,4,GS-COAD
TCGA.NH.A6GA.01,True,True,True,True,True,4,GS-COAD
TCGA.NH.A6GB.01,True,True,True,True,True,4,GS-COAD
TCGA.NH.A6GC.01,True,True,True,True,True,4,GS-COAD
TCGA.NH.A8F7.01,True,True,True,True,True,4,GS-COAD
TCGA.NH.A8F8.01,True,True,True,True,True,4,GS-COAD
TCGA.QG.A5YV.01,True,True,True,True,True,4,GS-COAD
TCGA.QG.A5YW.01,True,True,True,True,True,4,GS-COAD
TCGA.QG.A5YX.01,True,True,True,True,True,4,GS-COAD
TCGA.QG.A5Z1.01,True,True,True,True,True,4,GS-COAD
TCGA.QG.A5Z2.01,True,True,True,True,True,4,GS-COAD
TCGA.QL.A97D.01,True,True,True,True,True,4,GS-COAD
TCGA.RU.A8FL.01,True,True,True,True,True,4,GS-COAD
TCGA.SS.A7HO.01,True,True,True,True,True,4,GS-COAD
TCGA.T9.A92H.01,True,True,True,True,True,4,GS-COAD
TCGA.WS.AB45.01,True,True,True,True,True,4,GS-COAD
